long,lat
-0.25414599,51.6705565
-0.011345324,51.6840084
-0.219640653,51.60592073
-0.069963327,51.71434287
-0.313621746,51.56319953
-0.216921275,51.60678557
-0.166920513,51.5878842
-0.058626829,51.41778134
-0.105018968,51.5736896
-0.356849686,51.48597698
-0.302707856,51.54634313
-0.01412493,51.54356784
-0.038799989,51.61182555
-0.234167898,51.50262802
-0.162651168,51.51510657
-0.103797456,51.59518994
-0.242200259,51.45450591
-0.201357032,51.42705377
-0.104008728,51.36834105
-0.068630982,51.47212496
-0.288633772,51.74678224
-0.180844398,51.6830137
-0.167468381,51.741121
-0.030490682,51.48766258
0.075692394,51.58832913
-0.303437118,51.65468738
-0.05405817,51.68896505
-0.168611239,51.52676913
0.088308608,51.66274032
-0.115643206,51.56288155
0.022112962,51.62308857
-0.227303658,51.69782698
0.138679156,51.30863498
-0.094610392,51.43529649
-0.047389794,51.64431685
0.028320378,51.61460147
-0.175715035,51.68762071
-0.247871467,51.54966912
-0.315002061,51.50470226
-0.185164374,51.38787004
-0.215358282,51.60768108
-0.108479719,51.67930679
-0.162720205,51.46538688
-0.037141061,51.67009731
0.013317724,51.47549155
-0.218725733,51.43453357
-0.24041415,51.48276683
-0.198473576,51.41221384
-0.148777182,51.56665352
-0.114506689,51.68877249
-0.173294486,51.57548002
-0.082167051,51.34063629
-0.23413114,51.44458761
-0.207998492,51.71549591
-0.220665941,51.50128151
-0.398376607,51.44307113
-0.150997839,51.44783045
-0.131683325,51.27011492
-0.129434421,51.39680497
-0.200149942,51.54607498
0.084319784,51.57572932
-0.130225204,51.53887408
-0.297012197,51.56135822
-0.26662033,51.26344015
-0.203937853,51.68026268
-0.145970494,51.53097985
-0.304928537,51.58045995
-0.090588091,51.53766007
-0.031656579,51.63455358
-0.180576899,51.64620076
-0.114524051,51.55399743
-0.185403786,51.60119919
-0.113178805,51.76318486
-0.196648781,51.69751047
-0.167441517,51.63167479
-0.036181,51.45796094
-0.158768271,51.55922239
-0.259057596,51.61548844
-0.296833245,51.50033901
-0.295486692,51.70828408
-0.089023732,51.60405628
-0.089825171,51.54986394
0.054832006,51.6003365
-0.351182195,51.60614306
-0.216451829,51.50929127
-0.00052745,51.44455556
-0.194929395,51.64860712
-0.068048046,51.5924743
-0.099578068,51.46280912
-0.156763587,51.39582175
-0.001743084,51.40328952
-0.167782049,51.66121139
-0.230334928,51.43905564
-0.168942454,51.73341538
-0.162473293,51.70800372
-0.137237567,51.48970451
-0.192003957,51.44773867
-0.225444101,51.71609243
-0.059428812,51.37368619
-0.068665497,51.58272226
-0.150431977,51.71113575
-0.160277147,51.72492501
-0.12142514,51.57016154
-0.339687557,51.49048013
-0.174938038,51.6589197
-0.145126154,51.61859654
-0.063472354,51.61117758
-0.342668095,51.48459974
-0.363760762,51.70967726
-0.121384425,51.56796019
-0.186704112,51.60254296
-0.139658576,51.38076886
-0.229670234,51.50981889
0.015393481,51.47753057
-0.012849875,51.60043665
-0.018546699,51.82127459
-0.185968308,51.48427389
-0.01191616,51.54493776
-0.292808819,51.54513278
-0.118162882,51.39047222
-0.116936955,51.53763485
-0.113078456,51.49147659
-0.158219192,51.70742131
-0.030222278,51.56822423
-0.222559959,51.57085723
-0.199621005,51.56495875
-0.215085471,51.6128865
-0.246683059,51.58630776
-0.254753979,51.57186954
-0.081200095,51.5796795
-0.222779788,51.32186041
-0.03751864,51.8608952
-0.390221674,51.7863579
-0.412773875,51.59272747
-0.143764677,51.49091601
-0.130087969,51.44040617
-0.119329481,51.54509944
-0.209885923,51.5971196
-0.216612252,51.57871054
-0.233365444,51.51750843
0.017869649,51.60898954
-0.21601648,51.69841397
-0.306219569,51.59703014
0.053159404,51.54850066
-0.068155753,51.57987166
-0.173780721,51.56609841
-0.146002203,51.54837014
-0.172622279,51.63352972
-0.1677628,51.53189793
-0.142305106,51.37155217
-0.118256752,51.45839067
-0.175139639,51.64463008
-0.159498536,51.65507432
-0.022649594,51.67857084
-0.104139231,51.49365235
-0.23693288,51.29088726
-0.060269784,51.71102035
-0.067322692,51.6455168
-0.197156407,51.80530195
-0.277149892,51.58248977
-0.082065901,51.50201222
-0.460986786,51.48013398
-0.332927151,51.63706869
-0.320846849,51.63242106
-0.14775686,51.56579895
-0.239971976,51.52807278
-0.238956846,51.85999666
-0.167856688,51.62933954
-0.222620006,51.68091433
-0.120318108,51.47162493
-0.298778508,51.53071313
-0.085208499,51.48801591
-0.143506008,51.59395616
-0.175916466,51.56558596
-0.343385642,51.50252261
0.020789922,51.49014372
-0.31353872,51.40120044
-0.143161226,51.58722481
-0.22738663,51.55908271
-0.06907768,51.7287166
-0.013535189,51.59879272
-0.058203362,51.40924264
-0.302797082,51.39682007
-0.239536675,51.70130038
-0.087595173,51.50717507
-0.047237348,51.61430728
-0.153505617,51.63107301
-0.119819883,51.73858724
-0.032544191,51.57957881
-0.111899598,51.67704492
-0.268036621,51.72266059
-0.269803536,51.57853551
-0.068078124,51.75008297
-0.137859848,51.68555562
-0.093890803,51.5718272
-0.049172889,51.78410196
-0.123342791,51.47858199
-0.252723879,51.68213954
-0.27180922,51.46715884
-0.189321331,51.49479907
-0.240624067,51.64367117
-0.203736744,51.5891734
-0.074313626,51.58803341
-0.157388875,51.73336723
-0.122966333,51.49723201
-0.10600216,51.53253097
-0.08583156,51.5187053
0.035881481,51.49800783
-0.177664699,51.7048907
0.003689938,51.45763216
-0.288065407,51.52987368
-0.290288545,51.56212435
-0.058250927,51.73019634
-0.303142864,51.61492391
0.018841751,51.49294802
-0.106350946,51.46357834
-0.350756822,51.52456062
-0.120340402,51.6889827
-0.158887264,51.51057247
-0.201941032,51.49475024
-0.210333826,51.70864101
-0.244875506,51.66056427
-0.1895583,51.44028205
-0.11308891,51.58448406
-0.117970079,51.53757492
-0.077863501,51.61418107
-0.206985771,51.48642661
-0.120143299,51.6620433
-0.085629073,51.60036137
-0.101469891,51.69275662
-0.038668905,51.63414602
-0.05827685,51.68830038
-0.112170661,51.7653698
-0.322796818,51.70363092
-0.178623384,51.4793423
-0.234120776,51.47204202
-0.171040282,51.71449785
0.024389684,51.4803772
-0.165746374,51.51848268
-0.236490766,51.52545261
-0.211740655,51.60971435
-0.233904096,51.74728772
-0.107072875,51.84529421
-0.038285421,51.55660384
-0.073374359,51.70344996
-0.096438953,51.61586214
-0.151796202,51.52189176
-0.278399065,51.56835917
-0.089646268,51.49758851
0.002331549,51.58866074
-0.103147169,51.57709272
-0.038362977,51.54780441
-0.236767232,51.72123552
-0.173645902,51.69457673
-0.21290447,51.58308557
-0.167080327,51.63266057
0.022785518,51.47799702
-0.117165057,51.56862045
-0.13886172,51.53304465
-0.128343476,51.42038892
-0.191535473,51.70054348
-0.134948954,51.45354023
-0.078373924,51.72711656
-0.344919,51.56848756
-0.148928229,51.48373072
-0.132759279,51.72952639
-0.236069801,51.44633073
-0.06295194,51.46638704
-0.130489152,51.7444745
0.011905599,51.58322775
-0.262984988,51.72640561
-0.096002472,51.55138944
-0.239065758,51.61480588
-0.207714726,51.86645348
-0.208139975,51.50630304
-0.243056293,51.51641044
-0.122804075,51.57863083
-0.19552057,51.68584134
-0.125356216,51.48622572
-0.142033316,51.63773936
-0.123237857,51.64638244
-0.009343658,51.705542
-0.129033993,51.71308671
-0.034966707,51.4442826
-0.084372643,51.56206791
-0.149359309,51.44914723
-0.247120285,51.69801604
-0.147361672,51.60185582
-0.255537512,51.51199401
-0.222987113,51.52902548
-0.070948573,51.72013076
-0.13720646,51.59389924
0.019876316,51.52102815
-0.229452284,51.6621218
-0.326807393,51.53427351
-0.027355102,51.40230624
-0.089156546,51.51628793
0.052005213,51.3562974
-0.289431924,51.54876359
-0.267115806,51.53166108
-0.233330922,51.70093498
-0.063284924,51.83772437
-0.22152526,51.35632843
-0.131037028,51.70712921
-0.054580946,51.69802017
-0.177762672,51.50583306
-0.186866393,51.39391732
-0.021700819,51.39114835
-0.165521193,51.81653021
-0.043300684,51.51596034
-0.127887116,51.8505729
-0.149178381,51.29571176
-0.119819311,51.62700116
-0.267789103,51.55882668
-0.14699367,51.79175024
-0.167631705,51.61533454
-0.210612583,51.47816733
-0.150901168,51.72080198
-0.217715325,51.5898907
-0.10550367,51.53308441
-0.253174755,51.55678848
-0.212564834,51.56905488
-0.252031101,51.60023546
-0.362451913,51.63507563
-0.064760368,51.58249471
-0.284576917,51.39984876
-0.200863315,51.34921348
-0.093337832,51.69425483
-0.187472935,51.49010583
-0.244577287,51.6510713
-0.230904243,51.5794228
-0.291538542,51.3241442
0.064627044,51.65869493
-0.110178507,51.50738061
-0.230404492,51.44910356
-0.087625145,51.7183852
-0.315990194,51.64187646
-0.027821795,51.5081641
-0.050665399,51.84490026
-0.312718369,51.6445214
-0.038708351,51.71402775
-0.126453072,51.62781143
-0.306443043,51.42181753
-0.367357175,51.63689247
0.033211898,51.55166713
-0.300279526,51.61558896
-0.275605116,51.72138463
-0.04688965,51.78500833
-0.020329901,51.73154918
-0.221932964,51.33172153
-0.18067675,51.6767198
-0.152562494,51.7003058
-0.183453134,51.77403579
-0.092592146,51.65506849
-0.264268648,51.52328647
-0.216900228,51.44000002
-0.385510035,51.64023642
0.001607446,51.51171572
-0.084389976,51.47945759
-0.326030228,51.73665473
-0.240143763,51.36698453
-0.312805914,51.76084287
-0.020347064,51.63039617
-0.297301103,51.47808088
-0.100151197,51.61571079
-0.227517855,51.77037395
-0.102007416,51.63910543
-0.134267115,51.70763884
-0.226142528,51.72048784
-0.327961052,51.82195376
-0.152986563,51.56799824
-0.149934036,51.71224601
0.054532292,51.69297736
-0.103543184,51.66438581
-0.285823488,51.51749232
-0.258763026,51.56140306
-0.088541622,51.62853039
-0.166252355,51.42453241
-0.069800151,51.57811604
-0.346297763,51.5192041
-0.169465992,51.67848334
-0.160051423,51.71509153
-0.069135644,51.4490705
-0.24293581,51.61261504
-0.18224691,51.36876464
-0.44792568,51.45378481
-0.290577921,51.51113788
-0.336254621,51.50325367
-0.058067445,51.31907864
-0.157455848,51.52879202
-0.059527319,51.63726277
-0.052107029,51.54801356
-0.111447491,51.75709673
-0.108969949,51.62159078
-0.273212577,51.7737237
-0.053115999,51.56514491
-0.155524653,51.54193458
-0.284945585,51.65035209
0.066510753,51.52993047
-0.178183731,51.39145896
-0.228167575,51.74786976
-0.180842065,51.44340036
-0.136289148,51.46582446
-0.113710437,51.56140603
-0.1781493,51.6582799
-0.089316367,51.71534971
-0.192636333,51.63022616
-0.086696245,51.55347707
-0.197044859,51.4508318
-0.294836201,51.53926088
-0.055881386,51.59008243
-0.115226113,51.65567395
-0.258437602,51.76575662
-0.218634471,51.53703732
-0.07515722,51.60674328
-0.148696325,51.54461105
-0.099963739,51.63062299
-0.254996957,51.56628441
-0.307759451,51.67159888
-0.083792712,51.64333716
-0.074882728,51.53057161
-0.171294398,51.6212575
-0.070524038,51.51859156
-0.090631843,51.59486835
0.003543758,51.690344
-0.220222623,51.50298087
-0.252985349,51.74265175
-0.066766769,51.64212974
-0.073481326,51.72730658
-0.196305205,51.45457148
-0.121431952,51.61316749
-0.189055598,51.63119143
-0.110675984,51.53936783
-0.130347543,51.55419052
-0.119098778,51.54935033
-0.159047202,51.53357185
-0.104958975,51.78878936
-0.246156838,51.60530689
0.020891726,51.56128992
-0.229161956,51.55993159
-0.248401823,51.60774406
-0.297794706,51.75380047
-0.225272285,51.5588271
-0.321489841,51.61330933
-0.123508238,51.69303156
-0.081146948,51.64872229
-0.18734825,51.43300023
-0.096415639,51.58778685
-0.200403972,51.49172445
-0.325101997,51.43186647
-0.08160274,51.64142048
-0.082742826,51.464091
-0.269035157,51.57874924
-0.197920768,51.61845328
-0.11611571,51.5907245
-0.275389844,51.54008003
-0.192010928,51.66713479
0.052191233,51.56754269
-0.159994019,51.60916942
-0.063638488,51.65944163
-0.040423043,51.63029508
-0.13773255,51.59651415
-0.170140117,51.62120554
-0.224568135,51.91478904
-0.094839879,51.53811674
-0.304153304,51.43185143
-0.203479299,51.60613059
-0.193889818,51.73162746
-0.084636675,51.5873458
0.040631414,51.59708209
-0.157263099,51.59233739
-0.142653411,51.6645713
-0.321066641,51.55807276
-0.165468783,51.45765355
0.01331963,51.4691932
-0.091088081,51.58821668
-0.216442705,51.79796484
-0.14633925,51.60272413
-0.080217961,51.61827119
-0.015168429,51.61838969
-0.161117726,51.62253333
-0.158825187,51.60703829
-0.27454481,51.6519147
-0.360902225,51.58012725
-0.064488994,51.57291071
-0.348469802,51.63332919
-0.22519892,51.67203815
-0.082262312,51.55062258
-0.326737072,51.57306739
-0.177221884,51.67460975
0.037750896,51.62823408
-0.258587978,51.4617738
-0.194556441,51.46527381
0.024248992,51.80985458
-0.151265773,51.47322509
-0.164251726,51.69080868
-0.157743682,51.56191303
-0.10035712,51.39652376
-0.228046344,51.75403393
-0.259284834,51.63513183
-0.0505876,51.55784513
-0.231090296,51.51764184
-0.030164067,51.5694607
-0.066540824,51.53818613
-0.339144101,51.65946862
-0.110154019,51.50700233
-0.246765809,51.77974443
-0.288919525,51.69722909
-0.281360548,51.67725384
-0.139749768,51.58993729
-0.204511792,51.702564
-0.089715769,51.84882753
-0.051946537,51.66322751
-0.190368847,51.57033257
-0.016324049,51.40226993
-0.015137896,51.60899948
0.036274157,51.58133521
-0.146405791,51.70745158
-0.076126464,51.61750842
-0.363523171,51.55743868
-0.103249969,51.38219713
0.060269252,51.63507368
-0.139767595,51.57052899
-0.123215614,51.52455352
-0.355856372,51.43133591
-0.172380522,51.54076139
-0.273625419,51.4110407
0.020941646,51.49750523
-0.042596289,51.71145974
-0.072576713,51.42066175
0.021617334,51.57788489
-0.277491843,51.74612185
-0.121375706,51.5787812
-0.02532517,51.74888066
-0.018928107,51.3482047
-0.089965775,51.56381796
-0.335951831,51.64803135
-0.091616676,51.70256326
-0.128263567,51.65538125
0.023230441,51.5936568
-0.165250191,51.52629615
-0.156284368,51.63042169
-0.16866539,51.59588665
-0.086109011,51.55404356
-0.250923851,51.64652877
-0.137240317,51.45362547
-0.199760137,51.52088863
-0.100862129,51.50896388
-0.151557424,51.63874309
0.025140321,51.52242582
-0.160441261,51.44545664
-0.063387779,51.48302385
-0.183929188,51.53448676
-0.234067056,51.59663372
-0.080478841,51.58077855
-0.078674634,51.61496909
-0.209021101,51.83302885
-0.150140439,51.62065159
-0.129101627,51.47670458
-0.168389659,51.67353108
-0.348420062,51.47987291
-0.03771448,51.63910301
-0.122900467,51.66324143
-0.214336603,51.54142783
-0.247231027,51.43410771
-0.154259286,51.43760458
-0.227990599,51.62404691
-0.030705918,51.70424374
-0.238902526,51.65736914
-0.121788039,51.58581227
-0.112841614,51.56673838
-0.300232016,51.45924464
-0.191223316,51.70430259
-0.182433149,51.59855331
-0.203520553,51.47419838
-0.274134955,51.72780755
-0.344604074,51.51528683
-0.130429194,51.72458073
-0.077548448,51.82242156
-0.064804262,51.59427087
-0.148461688,51.61079073
-0.056572469,51.59490726
-0.307218822,51.68540442
-0.162805694,51.67588842
-0.249227398,51.27520645
-0.142654537,51.41306831
-0.127858406,51.60450871
-0.072876562,51.73676824
-0.225154288,51.48350045
-0.169849274,51.28810684
-0.125899528,51.50521522
-0.095910534,51.69779268
-0.067561373,51.6926325
-0.238607624,51.64746049
-0.240821442,51.71065037
-0.201329328,51.47040793
-0.106869544,51.57427961
-0.044585898,51.6038509
-0.114611249,51.64324278
-0.073930199,51.54092529
-0.244881302,51.54197545
-0.018745212,51.43791952
-0.226176673,51.40356473
-0.254663166,51.57560326
-0.123708788,51.55601872
-0.169478955,51.6365469
-0.297661875,51.70332833
-0.16132227,51.67963315
-0.421473975,51.48423358
-0.18573147,51.66285998
-0.22423196,51.49935083
-0.19178639,51.67298857
-0.161260305,51.59140113
-0.006459105,51.51680965
0.001909044,51.66044485
-0.203334368,51.57371539
0.036367018,51.68156204
-0.137000968,51.5338478
-0.090175298,51.56894071
-0.222675677,51.59377565
-0.042630347,51.67627339
-0.187482241,51.63231794
-0.146336398,51.5382418
-0.061577517,51.74084912
-0.256682504,51.60405008
-0.05209665,51.87595735
-0.120171617,51.62123689
-0.02582885,51.73091622
-0.12216722,51.48312843
-0.072931203,51.51941698
-0.243894358,51.67807906
-0.216647811,51.32263207
-0.105361011,51.42039262
-0.00677517,51.62282267
-0.185902996,51.77712134
-0.052495568,51.59742307
-0.117263429,51.76634252
0.00080799,51.72934496
-0.072869698,51.4702685
-0.245821108,51.82723179
-0.283934473,51.49161899
-0.05691577,51.72570356
-0.062182057,51.56585618
0.024830235,51.62067413
-0.237452618,51.7331091
-0.377839425,51.56665066
-0.26081933,51.63888092
-0.110361604,51.61477761
-0.11848188,51.46878637
-0.110341824,51.7837487
-0.28767937,51.70850972
-0.133037078,51.64493652
-0.033257816,51.53502971
-0.008226469,51.41447337
-0.284809723,51.54964156
-0.218132947,51.62004292
-0.149821645,51.53034903
0.012691778,51.56697582
-0.167139409,51.45718023
-0.178216198,51.64334505
-0.022521869,51.73156997
-0.390963467,51.55585641
-0.232719353,51.38168355
0.015606813,51.55884735
-0.018003008,51.47807549
-0.026552756,51.6789813
-0.108555029,51.48747253
-0.192490619,51.6356944
-0.326224373,51.40615131
-0.174703648,51.6482428
-0.106516105,51.43871519
-0.225788323,51.42957641
-0.252980931,51.84883848
-0.039819561,51.56518187
0.01934804,51.6610433
-0.244285607,51.51542512
-0.266521702,51.56356112
-0.026051106,51.41710769
-0.256723907,51.47241736
-0.126079254,51.48633679
-0.197901941,51.53884931
0.001888719,51.68949033
-0.16854914,51.7575039
-0.161066951,51.52666679
-0.023938989,51.65565644
-0.211495415,51.60239651
-0.061243571,51.4970699
-0.164532116,51.56437831
-0.296158362,51.39255419
-0.081540082,51.48459061
-0.321141775,51.48125687
0.030711095,51.4834685
-0.096208251,51.64148238
-0.089865566,51.43880097
-0.04561278,51.80998469
-0.091291756,51.70252542
-0.169321233,51.44296699
-0.091609594,51.47224677
-0.061851489,51.79523143
-0.182236813,51.6914706
-0.354372385,51.52763301
-0.195904145,51.46059421
-0.08322131,51.65640027
-0.071590152,51.42690976
-0.071562336,51.64697953
0.089997981,51.63765102
-0.202832224,51.53060558
-0.036403397,51.55075901
-0.016620296,51.58311617
-0.104120455,51.42568805
0.048712315,51.6248731
-0.311929179,51.70347148
-0.126675395,51.53112658
-0.258071976,51.51923763
-0.022642052,51.36314022
-0.188968139,51.46242894
-0.13216696,51.57216721
-0.288466636,51.58615023
-0.127180189,51.50811561
-0.393237533,51.48244782
-0.270524339,51.42469257
-0.280217788,51.509604
-0.075406085,51.50695951
-0.231453796,51.5611699
-0.21335055,51.69505804
-0.208395271,51.50740378
-0.177940221,51.65676681
-0.078143172,51.55930512
-0.128077004,51.55261305
-0.190886418,51.58131784
-0.134527022,51.77729593
-0.313337609,51.42348175
0.069842851,51.51324754
-0.347169808,51.44661499
-0.104745825,51.62329436
-0.029228871,51.58171985
-0.038697116,51.71111737
-0.00316433,51.58186146
-0.082885069,51.77063733
-0.250926915,51.35096224
-0.021050917,51.66236141
-0.205539079,51.62335515
-0.163162698,51.52283178
-0.002285673,51.42476786
-0.110832583,51.53332907
-0.293409391,51.39249155
-0.179285722,51.49497213
-0.079710053,51.47055929
-0.143450223,51.67726276
-0.187122993,51.64967661
-0.199583372,51.49368704
-0.215335742,51.46362106
-0.180423054,51.68461752
-0.141730137,51.71874692
-0.236394761,51.57123639
-0.310648111,51.60094044
-0.381589595,51.57476276
-0.281097104,51.48760044
-0.07474312,51.65544902
-0.077234418,51.77160147
-0.164163151,51.61053155
-0.197101246,51.48263589
-0.146272336,51.51265592
-0.066558473,51.62395873
-0.120130753,51.69236475
0.10625781,51.65884237
-0.396005746,51.49964414
-0.233146663,51.56427151
-0.197001099,51.57061026
-0.14093478,51.5596606
-0.204454569,51.5456421
-0.152289669,51.65174774
-0.227720982,51.46534062
-0.271280927,51.63216546
-0.180743623,51.64612511
-0.111747242,51.53315078
-0.033101882,51.66466499
-0.017229373,51.55671848
-0.199471926,51.57108584
-0.22661917,51.40814276
-0.057770593,51.53830338
-0.34490138,51.69373639
-0.246151724,51.61915358
-0.053978201,51.59049498
-0.160935794,51.89142656
-0.266134357,51.46397838
-0.245231499,51.61635876
-0.226231303,51.66953665
-0.099566874,51.43217289
-0.291496456,51.53421279
-0.20706014,51.69027553
-0.324007905,51.51091631
-0.106303743,51.67720414
-0.066814987,51.5869395
-0.097279261,51.5463868
-0.112241314,51.50490977
-0.054268833,51.71404377
-0.101505874,51.6161207
-0.175531841,51.72175727
-0.073522079,51.58033792
-0.100192972,51.58752337
-0.111744263,51.56652411
-0.173140304,51.5038914
-0.280746164,51.59724205
-0.199382044,51.63091484
-0.349542829,51.69549795
-0.148462434,51.42443616
-0.058802912,51.50334901
-0.112085156,51.58142587
-0.203895583,51.76108448
-0.294828137,51.6304764
-0.178523085,51.46980156
-0.121098087,51.63233788
-0.337495464,51.57687092
-0.265630387,51.77058241
-0.190142104,51.63055169
-0.078278496,51.64511129
-0.2095177,51.51871948
-0.193663402,51.44892205
-0.282890854,51.68904799
-0.30769753,51.59617347
-0.132933983,51.65374248
0.026149603,51.55637078
-0.336199539,51.55091962
-0.148059357,51.63977147
-0.219658513,51.58645277
-0.134898913,51.55648578
-0.149231832,51.61917012
-0.175054088,51.75595191
-0.226263463,51.55048714
-0.12231896,51.60643756
-0.155757994,51.45106087
-0.060531077,51.67050194
-0.036700343,51.69289201
-0.309677704,51.64971874
-0.234456441,51.55107566
-0.190028542,51.76288693
-0.09702421,51.59465535
-0.342699452,51.48313548
-0.319191887,51.57854445
-0.14657036,51.70529994
-0.298739555,51.56590657
-0.082585093,51.54272363
-0.057518146,51.79373941
-0.100242058,51.79472391
-0.169770981,51.52184064
0.025192204,51.76459392
-0.076276684,51.68558478
-0.146885376,51.68757223
-0.192708201,51.53269778
-0.033791691,51.77477602
-0.107608784,51.70844352
-0.055701915,51.45079376
-0.331782805,51.59846537
-0.156482125,51.47927542
-0.012394011,51.74611314
-0.100476111,51.66711047
-0.158436728,51.52017716
-0.118559831,51.54489927
-0.282313172,51.62555407
-0.226617287,51.52073911
-0.179677853,51.51154225
-0.153699114,51.85184561
0.039918411,51.60844928
-0.154184223,51.55783969
-0.347908072,51.77335452
-0.115077495,51.50732459
-0.18983721,51.58285886
-0.175435267,51.49389369
-0.139210397,51.59649491
-0.054720411,51.53124219
-0.118304614,51.61522059
-0.315964304,51.55618651
-0.311822301,51.58910787
-0.185925174,51.70063637
-0.193775441,51.70156685
-0.245175644,51.55883457
-0.05172318,51.70646416
-0.216935838,51.45114636
-0.154599866,51.51863512
-0.153226499,51.63341351
-0.118030907,51.64894613
-0.237606212,51.40256595
-0.028005629,51.75889278
-0.196139695,51.32551506
-0.08084239,51.7056126
-0.143988705,51.7283059
0.026274118,51.22682722
-0.278754457,51.52507737
-0.06056645,51.47880174
-0.090835985,51.48930884
-0.262494668,51.61039303
-0.008566848,51.61383711
-0.101835008,51.55291202
-0.38192438,51.63529371
-0.122712136,51.63209466
-0.212159128,51.51844347
-0.105226507,51.79755524
0.042009847,51.55789242
-0.075820412,51.44816799
-0.198983166,51.58948302
-0.215814472,51.57057089
-0.171889896,51.50780233
-0.157439827,51.46460383
-0.03438232,51.48342773
-0.186758054,51.60294912
-0.242139777,51.62963974
-0.125999592,51.69825559
-0.154224566,51.73034442
-0.004267661,51.49905624
-0.394781341,51.679456
-0.096835162,51.53157989
-0.011447877,51.67575712
-0.235257524,51.59336168
-0.246642269,51.51633061
-0.206817474,51.56224992
-0.220750867,51.4922619
-0.212912878,51.69867181
-0.074984027,51.69008293
-0.144555568,51.89837222
-0.094555362,51.59423341
-0.193278827,51.49171824
-0.238869059,51.67600916
-0.223041457,51.50087317
-0.021098864,51.76058735
-0.079427815,51.62863151
-0.203334555,51.47367718
-0.195387673,51.53418079
-0.279824961,51.58783293
-0.132504266,51.56058386
0.027626956,51.61460374
-0.196172518,51.40047487
-0.075102394,51.47661601
-0.071748834,51.76022937
-0.138883699,51.53043095
-0.185540689,51.69592875
-0.249493849,51.56532418
-0.041293531,51.61304211
-0.080459634,51.55662241
-0.139805877,51.60943534
-0.226599323,51.76508952
-0.227537641,51.47844879
-0.139383946,51.53383543
-0.372745908,51.61094012
-0.281064703,51.41735141
-0.064396256,51.57964974
-0.280650605,51.85695811
0.010551865,51.74262804
-0.251344043,51.84235591
-0.259096732,51.50388071
-0.113088354,51.69191279
0.076845585,51.67442332
-0.220602507,51.77628834
-0.155855086,51.56849514
-0.127197115,51.59577681
-0.209396606,51.60200243
-0.287135623,51.53077333
-0.335159916,51.61791845
0.008040531,51.38801517
-0.077825034,51.6129241
-0.096172224,51.74407412
-0.103109743,51.45450885
-0.06064442,51.60729669
-0.062608767,51.65266119
-0.125784608,51.62261155
-0.205499987,51.54710957
-0.167447038,51.53061186
-0.335711732,51.62244007
-0.233149145,51.27984765
-0.177257413,51.56164667
0.026842,51.66579172
-0.035653519,51.68478399
-0.087726677,51.60186619
-0.305984998,51.63373602
0.033814447,51.46199911
-0.10653039,51.564073
-0.069394933,51.35655939
-0.242833285,51.56638017
-0.117819603,51.44073134
-0.277988366,51.5684757
-0.114564564,51.51440607
-0.333976171,51.38932289
-0.191859938,51.51578879
-0.255654491,51.71109278
-0.257225771,51.50390194
-0.010143039,51.47458161
-0.333606882,51.75486823
0.156319193,51.47394462
-0.200048538,51.50680252
-0.099675054,51.66525924
-0.07987273,51.5466842
-0.155696385,51.75341997
-0.230425454,51.59767518
-0.134906062,51.69796997
-0.099812879,51.5453126
-0.181683307,51.49701081
-0.240849272,51.61044398
-0.148599401,51.62333378
-0.234206584,51.79045818
-0.255151637,51.67359592
-0.206538656,51.57196703
-0.073385911,51.53494403
-0.171867227,51.64696367
-0.076053935,51.48325909
-0.113388227,51.67593396
-0.100174951,51.52994319
-0.070450455,51.34035851
-0.204127596,51.60003258
-0.289025717,51.55978649
-0.244842318,51.68984066
0.027876163,51.67445966
-0.076921338,51.39158385
-0.20209135,51.69382274
-0.195224345,51.43650301
-0.0218628,51.69702624
-0.185143482,51.34913095
-0.16622636,51.6230673
-0.128077024,51.57001389
-0.290079891,51.68140321
-0.023414,51.62871463
-0.201981165,51.41586852
-0.127949561,51.45331202
-0.243479085,51.5453097
-0.285629305,51.61851284
-0.183331795,51.65484407
-0.148175941,51.59108087
-0.209324837,51.57302723
-0.316784925,51.56971825
-0.030645575,51.64160928
-0.0364204,51.76816899
-0.375624159,51.45303863
-0.06793124,51.54122822
-0.239675405,51.61832667
-0.239888812,51.5816339
-0.056645486,51.76630759
-0.072820576,51.56071545
-0.195850108,51.74216834
-0.076996147,51.56474709
-0.402707273,51.62092582
-0.202651234,51.44006064
-0.275269172,51.65681941
-0.046279506,51.6094165
-0.004313956,51.56947399
-0.096448833,51.48716754
-0.062626404,51.45185834
-0.06223849,51.79840891
-0.191781448,51.71772856
-0.240042462,51.33971129
-0.254525717,51.42562281
-0.196212557,51.61813612
-0.184630282,51.73939551
-0.33683454,51.60484418
-0.130233032,51.58482846
-0.2536876,51.55921714
-0.183962939,51.54729605
0.00700383,51.44693067
-0.135293544,51.7729122
-0.144170167,51.78303882
-0.317812561,51.55296863
-0.089559496,51.63462848
-0.114828047,51.713785
-0.211169308,51.68728025
-0.078416053,51.49006409
-0.095346167,51.61831406
-0.077964634,51.42290859
-0.246585252,51.54181324
-0.089719846,51.63839283
-0.211620287,51.46968538
-0.11814975,51.76899096
-0.15565963,51.50122864
-0.221879688,51.84568786
-0.150841858,51.58356868
-0.264608886,51.69110986
-0.185325207,51.55976691
-0.19771902,51.52290692
-0.207299228,51.57267533
-0.049766015,51.80413383
0.032116708,51.49036556
-0.133842848,51.51905965
-0.129526259,51.59286654
-0.15708413,51.53569292
-0.288035083,51.4958407
-0.277604809,51.59522461
-0.187179319,51.6163047
-0.2783867,51.63801629
-0.244189359,51.71885131
-0.316205929,51.57058025
-0.347033712,51.49700949
-0.181528176,51.5774782
-0.413783291,51.56949543
0.050993124,51.79910077
-0.21937852,51.39974723
-0.220163039,51.53645539
-0.153336468,51.73498048
0.013528649,51.6237886
-0.450279481,51.54287277
-0.08189179,51.68942227
-0.141842279,51.48930511
-0.216865225,51.63343193
-0.077390041,51.38757803
-0.065395241,51.46507272
-0.059015461,51.38396495
-0.208165591,51.57784422
-0.233799337,51.52507179
-0.315432844,51.56333125
-0.126219987,51.59311967
-0.074636858,51.73958012
-0.075886394,51.64178493
-0.207825785,51.63425796
-0.115385274,51.62148601
-0.130718642,51.69688223
-0.35176224,51.53777779
-0.009144321,51.67138695
0.152074337,51.65145275
-0.169378779,51.57573251
-0.117023986,51.82881191
-0.141307936,51.45471464
-0.036777283,51.65026651
-0.210770433,51.63480634
-0.241192717,51.57665253
-0.170726737,51.40850476
-0.081120723,51.45262937
-0.005644198,51.48021883
-0.37093482,51.60723429
-0.144124655,51.46628973
-0.288609702,51.44890797
-0.146024496,51.65765677
-0.072016049,51.76510641
-0.202285943,51.57922101
-0.26946127,51.59377346
-0.290126544,51.68054186
-0.261385178,51.558635
-0.315913534,51.47607662
0.025639863,51.59308641
-0.184977375,51.7600931
-0.121509074,51.47004046
-0.257680915,51.55292432
-0.1435782,51.65759113
-0.082096184,51.68374239
-0.23006424,51.46170256
-0.169040871,51.51243153
-0.023013748,51.43697187
-0.152039314,51.73922384
-0.064778551,51.62787597
-0.190200983,51.56067168
-0.527220081,51.67148009
-0.315028606,51.44930432
-0.130331353,51.65776214
-0.075382252,51.68547672
-0.389332935,51.62824901
-0.204638664,51.67394446
-0.118248798,51.58289219
-0.195309149,51.46204242
-0.099295929,51.66301074
-0.067749544,51.70880044
-0.263312088,51.71983371
-0.233780833,51.49334768
-0.038103323,51.63546958
-0.111442241,51.61750296
-0.124587332,51.73464858
-0.115704988,51.55004771
-0.181772594,51.38342039
-0.174012139,51.72357525
-0.295007354,51.52200828
-0.223964389,51.86378358
-0.176182181,51.74610512
-0.161318667,51.69110698
-0.049016441,51.32482767
-0.044982192,51.72548757
-0.098690501,51.64505483
-0.300155802,51.50865337
-0.218711748,51.78756616
-0.18475382,51.70206828
-0.03537054,51.71552506
-0.165446364,51.77411003
-0.122433181,51.42704989
-0.129352415,51.83349665
0.081690704,51.57729119
-0.159043414,51.5886109
-0.244098842,51.43115639
-0.125303789,51.74927801
-0.169140272,51.4711772
-0.081808922,51.5552148
-0.095863009,51.64891467
-0.303451444,51.55385427
-0.139554776,51.55165238
0.161682447,51.64832684
-0.441968033,51.619906
-0.092889835,51.63244082
-0.376219929,51.610877
-0.271988111,51.63447997
-0.213922807,51.40491374
-0.312806773,51.70105716
-0.249753793,51.67969179
-0.215420409,51.45227668
-0.16564285,51.56462769
-0.359494624,51.63149342
-0.027246427,51.67709784
-0.189027096,51.61024958
-0.307699931,51.62053303
0.009253079,51.79498188
-0.199702586,51.61866965
-0.277134841,51.58497509
-0.166981107,51.72568299
-0.20175389,51.38318914
-0.148881788,51.63437176
-0.076786369,51.43894172
0.032887299,51.62544067
-0.191597159,51.7194873
-0.378945792,51.57302195
0.03212594,51.63850515
-0.192126996,51.52697091
0.00692676,51.74146752
-0.152293978,51.81318533
-0.278143938,51.38977503
-0.140036181,51.52980009
-0.029689266,51.54902907
0.041709672,51.55655343
-0.305318904,51.56736016
-0.084970696,51.42080648
-0.106388529,51.41231485
-0.219305794,51.43570055
-0.098857041,51.75257767
-0.066848178,51.61873159
-0.03695275,51.57878967
-0.201926111,51.62420223
-0.225577217,51.23791102
-0.231337922,51.39349498
-0.265596371,51.44625813
-0.210324786,51.59204302
0.024810268,51.53116753
-0.208634818,51.70422782
-0.152624881,51.64056388
-0.252744262,51.60167355
-0.115183363,51.6285615
-0.190108355,51.43909591
-0.224966817,51.44723835
-0.125548104,51.72866515
-0.203876406,51.52957677
-0.062938903,51.52485546
-0.194772552,51.47342907
-0.156549724,51.65756547
-0.058188214,51.73190464
-0.023783123,51.51096557
-0.224693929,51.56803136
-0.137859247,51.41603166
-0.241508824,51.47498669
-0.282403912,51.57225729
-0.071752278,51.63973617
-0.257699169,51.74326888
-0.032031336,51.70475632
-0.165662529,51.53915619
-0.180245774,51.581928
-0.21994601,51.80155304
-0.150412962,51.62275352
-0.081370246,51.58559853
-0.093787316,51.52913974
-0.001031316,51.58997925
-0.054750892,51.68844425
-0.070373317,51.72891729
-0.195417252,51.65658191
-0.193498319,51.77435968
-0.2288828,51.37509578
-0.171049904,51.54498374
-0.148188715,51.57444206
-0.111675475,51.5204471
-0.245293147,51.63192662
-0.261151706,51.57958509
-0.298335327,51.60330225
0.011235815,51.71480978
0.052546553,51.54051838
-0.409897339,51.77045636
-0.18585267,51.76851344
-0.130095027,51.70092245
-0.28912976,51.60646249
-0.287593429,51.84003453
-0.154012817,51.90965238
0.04939715,51.73395377
0.054952822,51.55291116
-0.131428237,51.48797763
-0.349947562,51.59548226
-0.192446239,51.4933875
-0.249609255,51.50352492
-0.162468852,51.49377048
-0.294039724,51.69476489
-0.162581243,51.51834028
-0.303466688,51.5497449
-0.148306809,51.56892023
-0.220069352,51.9401412
-0.337764406,51.51961508
-0.257844067,51.57642613
-0.363930946,51.63270904
0.005542825,51.45463201
-0.295925566,51.54666619
-0.15955164,51.38649564
-0.138124138,51.41152466
-0.201919511,51.57722815
-0.053772206,51.46566888
-0.132541822,51.71027864
-0.305889957,51.80502628
-0.080626706,51.67776066
-0.328048039,51.51640619
-0.215423688,51.52890897
-0.088485307,51.79540984
-0.321672711,51.54763595
-0.245450684,51.50771505
-0.160101815,51.69203061
-0.04453737,51.54428179
-0.213284142,51.53368329
0.00805501,51.54096947
-0.334536807,51.49360326
-0.008837269,51.87545013
-0.118514065,51.62941765
-0.288560224,51.30082528
-0.243713626,51.6518366
-0.023983809,51.53583943
-0.077407531,51.45222685
-0.099494994,51.5965251
-0.172194699,51.64985757
-0.0655987,51.37020073
-0.264337157,51.57679207
-0.096130924,51.62333437
0.036234507,51.58467245
-0.134542261,51.65309527
-0.181640292,51.57146296
-0.38225402,51.47943881
-0.24222969,51.58697906
-0.147263711,51.71622318
-0.245723925,51.7227057
-0.195184849,51.56686772
-0.285905901,51.48272763
-0.002905756,51.58575464
-0.208636578,51.50330393
-0.090453035,51.55390873
-0.104128821,51.55483765
-0.081671707,51.80771706
-0.287256453,51.61933862
-0.054635377,51.50971747
-0.181018354,51.70533555
-0.048224645,51.53088447
-0.223862912,51.68238367
0.071446242,51.34098794
-0.254760022,51.5893447
-0.101991059,51.41747763
-0.169983274,51.53515446
-0.03625362,51.69626953
-0.26914567,51.61601535
-0.055612771,51.57961078
-0.078359713,51.45764713
-0.141780831,51.57371068
-0.110680723,51.64210336
-0.171340282,51.54890552
-0.089924678,51.42706837
-0.367131299,51.67459474
-0.391033154,51.46549708
-0.042607311,51.77868629
-0.092345026,51.70128947
-0.398285132,51.59492306
-0.239227215,51.58558555
-0.119260684,51.57255846
-0.084436783,51.70189091
-0.204372389,51.68980996
-0.048655709,51.32747884
-0.341336698,51.61008218
-0.044745603,51.54881909
-0.196257332,51.23907097
-0.107476584,51.69174497
-0.215883879,51.54643545
-0.164484063,51.68811801
-0.207532123,51.50554902
0.056341599,51.47889067
-0.167175877,51.5743133
-0.20497463,51.58003029
0.047974929,51.44989856
-0.238221999,51.42447814
-0.16350435,51.53033004
-0.154253286,51.59701971
-0.135912591,51.57611014
-0.110371108,51.58679838
-0.162450329,51.45829629
-0.069908216,51.47408038
-0.208848472,51.56264679
-0.175332955,51.58613829
-0.255280588,51.26920077
-0.087762749,51.67566136
-0.350945503,51.63563024
-0.173538581,51.56721867
-0.086558442,51.52205535
-0.142233477,51.4040686
-0.179924178,51.49802107
-0.268192089,51.6243313
-0.170271802,51.50026052
-0.106196273,51.61584103
-0.24416618,51.4901409
-0.293992893,51.82002372
-0.138330081,51.57193819
-0.170714308,51.53011231
-0.162883376,51.48960385
-0.1503852,51.59000523
-0.105938188,51.32209625
-0.52295653,51.70026606
-0.197978197,51.52166931
-0.196585603,51.67978952
-0.324872606,51.60292896
-0.189155822,51.67260082
-0.041807703,51.78562568
-0.203589305,51.59160702
-0.316820713,51.65132453
-0.306865278,51.54602344
-0.116453947,51.51457353
-0.194258546,51.46213283
-0.032844085,51.47595199
-0.235927674,51.52920756
-0.212320412,51.66816967
-0.149431949,51.62019737
-0.330261667,51.68232628
-0.224393433,51.56860727
-0.413596635,51.67535708
-0.200478765,51.5275207
-0.123506099,51.68435817
-0.103843547,51.58854465
-0.137763644,51.52812206
-0.210587695,51.78797864
-0.127813723,51.49437216
-0.063592052,51.55783887
-0.212039843,51.67187579
-0.425179648,51.73199187
-0.16434311,51.58134093
-0.182809105,51.62932
-0.330279331,51.47181739
-0.197767806,51.5461083
-0.320227331,51.64028862
-0.114171534,51.71774169
0.058136328,51.57176256
-0.112313297,51.60563112
0.049053943,51.58591678
-0.110126581,51.58155475
-0.154736501,51.55717484
-0.117682196,51.61488387
0.101096603,51.3858396
-0.364893585,51.57829763
-0.262782945,51.54365011
-0.23578006,51.56563409
-0.048176923,51.52425382
-0.198189707,51.66748493
-0.161305455,51.51169495
-0.011877798,51.58183405
0.018126245,51.67218343
-0.288088683,51.56712301
-0.137793483,51.67772441
-0.155917673,51.42168832
-0.065610459,51.56325592
-0.303831531,51.76525322
-0.156982399,51.91016524
-0.153312311,51.65491178
-0.201917021,51.36774136
-0.140078392,51.534157
-0.161534347,51.59447876
-0.188836138,51.6610406
-0.013784547,51.54661109
-0.271491675,51.5919322
-0.091355393,51.63192786
-0.290193366,51.57444087
0.092213572,51.56509246
-0.186398146,51.55530408
-0.208874688,51.35538613
-0.352074312,51.63685811
-0.174142184,51.6423195
-0.177973834,51.59418353
-0.049307634,51.58657065
-0.151222025,51.81969489
0.038809875,51.65514896
-0.148521164,51.63881543
-0.269620239,51.72462578
-0.039629441,51.71596092
0.058476931,51.52583501
-0.145266094,51.69997257
-0.103077633,51.576152
-0.278275909,51.69591492
-0.180344797,51.50289234
-0.237274761,51.82197381
-0.13865001,51.53323048
-0.254241868,51.66752764
-0.192204408,51.63939113
-0.103642179,51.57030219
-0.193453621,51.56958368
-0.283787844,51.60196863
0.028308174,51.54619105
-0.144895151,51.5543131
-0.183066149,51.65618628
-0.245726453,51.53160021
-0.179736704,51.46143296
-0.344848168,51.38261347
-0.261041228,51.38706654
-0.135079149,51.63554455
-0.014341119,51.75382215
-0.242981383,51.5356317
-0.021364748,51.66452289
-0.378968261,51.54069194
-0.116927852,51.56644262
-0.127585201,51.47403234
-0.101933913,51.48986316
-0.11536423,51.41306772
-0.152327261,51.61003269
-0.113483241,51.43316072
-0.269070636,51.44871294
-0.02314665,51.68952085
-0.284131777,51.43862919
-0.255957517,51.60514801
-0.18396036,51.54368572
-0.039437736,51.61174633
-0.120248089,51.59056554
-0.064291669,51.58085607
-0.253145826,51.60560736
-0.208732552,51.50634339
-0.293309529,51.45979202
-0.129887174,51.67172303
-0.105881381,51.82723235
-0.149832895,51.49368859
-0.160462939,51.45721059
-0.175374185,51.58122313
-0.268892715,51.49777423
-0.160482398,51.3566035
-0.121554073,51.67998723
-0.226465016,51.28349779
-0.034976065,51.56352741
-0.386041536,51.5688759
-0.086518287,51.66197431
-0.267351263,51.4854972
-0.10722252,51.69237125
-0.220041689,51.72579793
-0.328902742,51.56738501
-0.177027965,51.45816996
-0.244446392,51.46914791
-0.035349117,51.61926719
-0.210329365,51.72246856
-0.315526352,51.49432571
-0.178329801,51.49632405
-0.136642003,51.65674791
-0.251396469,51.73332874
-0.167743049,51.35198915
-0.1288996,51.64148589
-0.162020598,51.61278189
-0.141411998,51.50435164
0.158968164,51.5459464
-0.166130792,51.48417564
-0.14629284,51.4939949
-0.085484075,51.51686764
-0.209972895,51.5854509
-0.273557888,51.55542963
-0.020045818,51.64368652
-0.043885663,51.53038091
-0.073231003,51.48833868
-0.011593377,51.46724106
-0.057781749,51.61041355
-0.224322343,51.75738609
-0.115495608,51.42743858
-0.161107653,51.53762171
-0.23305815,51.72804648
-0.025278898,51.50590951
-0.330558862,51.69695885
-0.248635044,51.42404829
-0.158333397,51.59444504
-0.012924766,51.74981297
-0.270912561,51.66326319
-0.243982722,51.83213112
-0.127280464,51.4636849
-0.134644631,51.74384978
-0.077296379,51.49437807
-0.184417092,51.70198215
-0.0944013,51.55072652
-0.066432545,51.61485784
0.025226442,51.59034906
-0.074269954,51.54044278
-0.238479731,51.52387549
0.226794204,51.73158875
-0.064351778,51.70051707
-0.047786179,51.58988821
-0.057668142,51.52628421
0.156141681,51.50699895
-0.178150164,51.33093668
-0.213945498,51.56987715
-0.155610194,51.82754007
-0.097480388,51.64517637
-0.054142445,51.68537697
-0.059944541,51.76311394
-0.339381934,51.52823883
-0.178802587,51.68714494
-0.14041672,51.74864159
-0.11889903,51.65617874
-0.085187118,51.62822722
-0.228956984,51.63078621
-0.36714863,51.71244788
0.007867742,51.43279949
-0.087975935,51.65896717
-0.18599826,51.61441644
-0.088008044,51.59926483
-0.285459147,51.61468008
-0.158807365,51.59467679
-0.106161572,51.65080426
-0.277238972,51.71404667
-0.262636689,51.67346266
-0.122173608,51.69512065
-0.111623941,51.58843811
-0.277371484,51.71895359
-0.067056041,51.69030287
-0.131133218,51.5906541
-0.118940365,51.60077678
-0.254895771,51.6175377
-0.250989126,51.72379651
-0.323789854,51.58419714
-0.131983126,51.5913889
-0.140388333,51.44117455
-0.323974022,51.52560464
-0.274816184,51.51089827
-0.296337447,51.56279666
-0.099783324,51.5789193
-0.288192983,51.64731844
-0.265046549,51.66067273
-0.025305676,51.69085752
-0.044440871,51.50117881
-0.055609635,51.54531258
-0.218773746,51.63669226
-0.244124685,51.74843872
-0.000776065,51.53157422
-0.119471357,51.49102644
-0.202744816,51.76865125
-0.138135784,51.48654037
-0.328789419,51.67094971
-0.146254615,51.58199451
-0.00588377,51.47099347
-0.12756074,51.54696249
-0.195792988,51.75019753
-0.178682768,51.64720027
-0.064433934,51.64036685
-0.086209159,51.48063685
-0.335710316,51.52493028
-0.217632504,51.5631571
0.074399897,51.7446147
0.114015473,51.56593957
-0.109363536,51.54060111
-0.105317823,51.69396958
-0.223440594,51.62975721
-0.071880755,51.64046001
-0.176174618,51.49306417
-0.05112178,51.50063467
-0.268149934,51.46691404
-0.25956073,51.74732959
-0.183632329,51.30525411
-0.130749001,51.50605162
-0.001785879,51.47653236
-0.093085503,51.54001434
-0.155937183,51.54687484
0.035014034,51.46299342
-0.290207586,51.64671995
-0.202175505,51.52478624
-0.120526256,51.52886745
-0.119101501,51.44653572
-0.308032914,51.54448283
-0.191628754,51.61283348
-0.300297724,51.61177347
-0.109851833,51.6720441
-0.267498871,51.58066273
-0.225601127,51.47806174
-0.201634379,51.5047011
-0.300507106,51.72464744
-0.128629266,51.70097068
-0.104937892,51.47127437
-0.133663235,51.5633001
-0.20149524,51.6215136
-0.264987366,51.67145912
-0.212897776,51.55805629
-0.165789208,51.50936
-0.033487912,51.70730745
-0.100531211,51.47106419
-0.139932198,51.5976645
-0.260344653,51.5827315
-0.280595479,51.60296063
-0.271832788,51.50393134
-0.218458279,51.55379273
-0.137195608,51.52760701
-0.281945667,51.63688879
-0.134272715,51.37750067
0.098002373,51.60229417
0.040263535,51.63041221
-0.147209607,51.57905191
-0.394793809,51.62439025
-0.271631753,51.55430766
-0.015082658,51.50408792
-0.185302376,51.59807271
-0.238661589,51.58110286
-0.079461729,51.45850921
-0.128857141,51.79503447
-0.194621716,51.47960758
-0.195798061,51.58489881
-0.263986595,51.58889991
-0.147907839,51.69206413
-0.242301696,51.29606633
-0.122464596,51.69843064
-0.281282165,51.59396421
-0.005133335,51.54551259
-0.4088296,51.56025217
-0.296873846,51.50125498
-0.180837276,51.58990421
-0.079154783,51.69326219
-0.266136498,51.48630344
-0.1888745,51.35772417
-0.325344844,51.53915451
-0.195767284,51.6760195
-0.241091079,51.5554332
-0.10524274,51.34702674
-0.097465506,51.74679653
-0.09182666,51.52902938
-0.125936836,51.7137941
-0.254137595,51.53083304
0.075481926,51.81293353
-0.265056144,51.63302266
-0.065744575,51.49253464
-0.222713462,51.61631154
-0.044653503,51.33078722
-0.036323438,51.61232842
-0.312497558,51.72966581
-0.327329574,51.586065
-0.273888746,51.59274194
-0.270108035,51.61231209
-0.134456404,51.26102945
-0.106687627,51.36860911
-0.102547859,51.53877054
-0.093970059,51.35430633
-0.101614091,51.56356556
-0.286087985,51.7621336
-0.065805354,51.70960677
-0.167243228,51.54199389
-0.051667957,51.48154625
-0.182706849,51.39700383
-0.097048177,51.63959701
-0.043167078,51.44317085
-0.149910548,51.46658862
-0.036300526,51.43030814
-0.084356458,51.5385571
-0.207183581,51.47625427
-0.305538394,51.35575112
-0.130374025,51.55176332
-0.203974977,51.57298554
-0.236187821,51.59135551
-0.16565594,51.55451952
-0.272596884,51.49457566
-0.072092856,51.53662619
-0.033062437,51.52058281
-0.30587409,51.49629165
-0.198127511,51.61581573
-0.170294914,51.63427182
-0.255611232,51.76945314
0.01590215,51.38029077
-0.066088149,51.46012172
0.005308052,51.55502119
-0.076954114,51.61053878
-0.136919419,51.50713706
-0.370626953,51.64405088
-0.13157332,51.65578096
-0.278184733,51.44164087
-0.238242016,51.73255809
0.092011294,51.55759567
-0.195667433,51.59265062
-0.224141691,51.58221268
-0.257161477,51.58476477
-0.083900386,51.55494701
-0.309755791,51.39141597
0.146881066,51.5699956
-0.200892381,51.61938465
-0.248957536,51.57433149
-0.005610943,51.78495894
-0.185307587,51.55877758
-0.143374833,51.51685724
-0.111065695,51.4730409
-0.099702111,51.52155803
-0.293576447,51.38636177
-0.211591813,51.62083152
-0.123210174,51.45519103
-0.371710873,51.63303184
-0.107985644,51.72971291
-0.074051656,51.64672759
-0.196253184,51.52976989
-0.27358227,51.75329015
-0.197817676,51.57647549
-0.216914355,51.64841651
-0.235889617,51.64021594
-0.093356412,51.67710052
-0.236897441,51.58286534
-0.178628788,51.73629171
-0.296015866,51.57321664
0.020283475,51.44139431
-0.182042293,51.41458433
-0.389582457,51.35099267
-0.368955683,51.60419993
-0.402102951,51.75993686
-0.066507841,51.48085305
-0.11000181,51.7848034
-0.085446238,51.49500018
-0.172951915,51.68197176
-0.174439287,51.60514802
-0.239372575,51.57947255
-0.245277288,51.62171377
0.057253839,51.64521185
-0.151533487,51.57785756
-0.040453313,51.71306318
-0.148783136,51.55311127
-0.089435804,51.53211798
-0.055789977,51.64030167
-0.369780122,51.67384467
-0.322849594,51.65769628
-0.05807145,51.51420596
-0.031636098,51.55372144
-0.017781127,51.66702477
-0.266166662,51.48984993
-0.053930019,51.55270643
-0.257512604,51.4340253
0.107125462,51.48912214
-0.215655916,51.7092965
-0.242610727,51.55275308
-0.082773148,51.51084774
-0.129067058,51.59722238
-0.29028532,51.72334787
-0.22229061,51.59840744
-0.196074759,51.68578915
-0.138061307,51.67661991
-0.23832441,51.48722681
-0.034474595,51.49817755
-0.049064034,51.59964011
-0.320544745,51.55115214
0.017743388,51.6906061
-0.49988078,51.52597621
-0.004474301,51.67433708
-0.093445189,51.36573361
-0.11940755,51.70518441
-0.468382269,51.49422895
-0.082493218,51.52536999
-0.116813713,51.58619027
-0.240421121,51.59846358
-0.274192836,51.43061975
0.104135172,51.76420314
-0.229570173,51.59647895
-0.305341712,51.60149869
-0.096289926,51.46357575
-0.110739469,51.84312233
-0.27079066,51.54785403
-0.28856688,51.58522879
-0.027433362,51.82027074
-0.210051821,51.47135034
-0.212308692,51.50486852
0.005984936,51.66373715
-0.261452573,51.58960337
-0.151502484,51.42287977
-0.145245022,51.76629232
-0.044318967,51.48899348
-0.270749881,51.58498169
-0.167890573,51.66410166
-0.236238906,51.67581821
-0.18508788,51.54765524
-0.07259184,51.56741218
-0.153066727,51.52430556
0.016782906,51.53124896
-0.406042117,51.62667377
-0.230999966,51.68101991
-0.228877319,51.54900689
-0.282138424,51.6587979
-0.174511248,51.73854392
-0.141236779,51.42829854
-0.298029259,51.56280646
-0.366496251,51.54201275
-0.094193625,51.62578047
-0.340748104,51.52478893
-0.400036177,51.65894407
-0.367673828,51.57100528
-0.044878885,51.64758586
-0.191238617,51.6751257
-0.098178385,51.68930374
-0.268900069,51.58987065
-0.18581274,51.566757
-0.236204512,51.64006891
-0.165081475,51.60459038
-0.029313211,51.4421543
0.01227389,51.76722169
-0.264938705,51.48694677
-0.14202681,51.61922453
-0.186908546,51.60982962
-0.101050566,51.67783206
-0.213337716,51.59462779
-0.354484251,51.64826222
-0.082816523,51.5705033
-0.064202092,51.52953475
0.054176539,51.47659268
-0.065256685,51.49350346
-0.429119782,51.48282737
0.025971658,51.49685232
-0.260370802,51.53430424
-0.301730821,51.79992939
-0.064144672,51.51829095
-0.218864013,51.655052
-0.164616659,51.50965638
-0.138464485,51.59719886
-0.15969823,51.57711312
-0.110740069,51.36489663
-0.061066729,51.54612659
-0.223210576,51.67911904
-0.169922562,51.51569438
-0.227880599,51.68591147
-0.252608479,51.46973181
-0.172559722,51.68221813
-0.134292356,51.73650395
-0.222113716,51.51648329
-0.252858812,51.679248
-0.16283515,51.52164203
-0.065877198,51.83932889
-0.292918659,51.4781172
0.125947703,51.53373724
-0.246513922,51.56352047
-0.153056877,51.65758394
-0.134606214,51.54634487
-0.211302733,51.70228204
-0.001136063,51.63178895
-0.230839349,51.53131394
-0.144365537,51.77072723
-0.224875208,51.70004443
-0.263719204,51.63056243
-0.095897508,51.66461434
-0.233727684,51.34007983
-0.265725935,51.38418157
-0.120929671,51.62248185
0.099198786,51.63604787
-0.10795269,51.4006457
-0.240320274,51.65572289
-0.163224078,51.75286559
-0.216987971,51.4942989
-0.119172479,51.53849734
-0.310934222,51.6315247
-0.345454234,51.42983739
-0.223475516,51.66404111
-0.002298125,51.60661268
-0.142732386,51.47092379
-0.159090478,51.61757101
0.021100969,51.75802704
-0.15548861,51.65625356
-0.299652075,51.525939
-0.120933707,51.53445273
-0.40612792,51.67423085
-0.249100154,51.67547768
-0.017597635,51.60780206
-0.168376644,51.52432061
-0.05505487,51.58598555
-0.259826877,51.44622789
0.003589971,51.6411311
-0.267002075,51.65275574
-0.245262045,51.64849024
0.072878011,51.51130737
-0.198170654,51.71688542
0.010539295,51.59291141
-0.392804115,51.5250126
-0.249736148,51.57059511
-0.125538486,51.53000813
-0.191869517,51.69113112
-0.067775027,51.56520401
-0.230709366,51.60746671
-0.09556515,51.67481338
-0.06132739,51.6307428
-0.239379031,51.74806867
-0.038067088,51.63130723
-0.486678722,51.52011306
-0.166345123,51.58903186
-0.172446342,51.69261034
-0.045932871,51.4903213
-0.077854197,51.66560766
-0.101556975,51.49950234
-0.199530373,51.55769281
-0.106772807,51.49036371
-0.137504547,51.56977837
-0.043246517,51.5282484
-0.14662946,51.60080117
-0.116123152,51.51430288
-0.132078618,51.58794376
-0.178027341,51.59837221
-0.396527731,51.621909
-0.032656812,51.67237696
-0.193642919,51.77021517
-0.248362378,51.62513404
-0.15463823,51.50439392
-0.219924417,51.45444093
-0.19097615,51.5034648
0.008627548,51.61013553
-0.198609337,51.4988915
-0.161675294,51.53842712
-0.05557576,51.6893159
-0.274982465,51.61610075
0.055173629,51.57397528
-0.00853465,51.40009023
-0.215106072,51.68443899
-0.216215742,51.5619595
-0.110965088,51.35724618
-0.13921374,51.84966877
-0.10512423,51.49265477
-0.145941395,51.54788715
0.039940552,51.52751038
-0.095421196,51.50367385
-0.227233706,51.50793214
-0.253875841,51.54420347
-0.032815272,51.64296395
-0.034727379,51.78052859
-0.201535396,51.53496525
-0.129193277,51.5558231
-0.212248741,51.34782718
-0.253413496,51.53662171
-0.214896782,51.63031561
0.0435288,51.53832934
-0.18340756,51.65899699
-0.085659925,51.51135529
-0.231573862,51.70817778
-0.117105133,51.75226175
-0.222601529,51.44477175
-0.322563265,51.56123434
-0.23758973,51.57779406
-0.181007127,51.51928558
-0.461070458,51.61547831
-0.279543966,51.50322999
-0.075979465,51.55258211
-0.153746858,51.44678013
-0.128515536,51.34928181
-0.363945922,51.50952286
-0.264857767,51.52166658
-0.18180795,51.53646353
-0.207698226,51.62971832
-0.308351037,51.68352231
-0.004388273,51.49660527
-0.083761395,51.61272877
-0.40177393,51.57404241
-0.058923607,51.43497873
-0.095620347,51.7617203
-0.063900764,51.54699761
-0.178931522,51.48129357
-0.053519655,51.58464655
-0.112257572,51.73183184
-0.216774595,51.44156988
-0.123432095,51.51747282
-0.238896473,51.73249916
-0.171334237,51.54574742
-0.070316938,51.78460521
-0.025267347,51.72371701
-0.116030901,51.47645021
-0.026104181,51.77123569
0.005173045,51.53269267
-0.062654792,51.57062445
-0.057126779,51.38501145
-0.19494273,51.53198775
-0.114982941,51.77709263
-0.275153657,51.65620896
-0.138949132,51.62415909
-0.227474115,51.58112538
-0.021603705,51.66958929
-0.134421179,51.52813185
-0.118888416,51.63523252
-0.115182909,51.59306289
-0.077576031,51.41324575
-0.316975966,51.68655383
-0.099954229,51.65638406
-0.025236889,51.81797587
-0.270688919,51.53122704
-0.252498912,51.53714506
-0.062226913,51.52848825
-0.061751334,51.5204144
-0.072975197,51.61584608
-0.115007796,51.60857759
-0.236805171,51.58221592
0.016982514,51.62066847
-0.219248995,51.51461628
0.003062786,51.51131123
-0.315059103,51.36087447
-0.280057422,51.58015391
-0.016142766,51.71553615
-0.342355285,51.68773885
-0.135120826,51.62971561
-0.075249916,51.53305471
0.033154933,51.51044208
-0.351824951,51.56056296
-0.143184106,51.57499602
-0.076396148,51.45034843
-0.214453878,51.64212303
-0.099356352,51.46648852
-0.370348867,51.60306037
-0.138360591,51.68913799
-0.085355369,51.75248005
-0.185117465,51.51965118
-0.064623189,51.38931906
-0.239103198,51.45681285
-0.212783551,51.56902149
-0.145910097,51.65467456
-0.162922421,51.59517484
-0.248828497,51.55801652
-0.089555574,51.52155429
-0.215276348,51.6780016
-0.070025891,51.71409386
-0.358111037,51.41586156
-0.056930346,51.36310881
-0.00852119,51.294713
-0.247588346,51.58211773
-0.061544643,51.67358635
-0.102026267,51.66310907
-0.186485682,51.56982514
-0.065475758,51.6806354
0.021927581,51.45841136
-0.34151393,51.41437538
-0.188189192,51.58455832
-0.149094655,51.59552477
-0.159111484,51.63498808
0.036661797,51.78533491
-0.179179782,51.65539758
-0.027360936,51.73495765
-0.134030389,51.61787277
-0.11664805,51.59338349
-0.038423658,51.40076728
-0.278239769,51.60537675
-0.133176905,51.47269285
-0.208854733,51.63318608
-0.111728197,51.54771389
-0.308225345,51.56156487
-0.110077605,51.77650008
-0.087370511,51.70351796
-0.287026378,51.60828026
-0.261362263,51.49076434
-0.202472813,51.75053755
-0.111696371,51.7082626
-0.214096264,51.41803522
-0.087571721,51.55293403
-0.164655383,51.6526336
0.026049502,51.57339873
0.044843339,51.69386891
-0.2445832,51.76026391
0.04722379,51.63661433
-0.183169352,51.55675564
-0.10311173,51.46575826
-0.17894112,51.5000131
-0.356785813,51.74048541
-0.130273497,51.68991757
-0.215231535,51.57323807
-0.040217285,51.51016852
-0.252829259,51.753027
-0.079028815,51.58061668
-0.082310547,51.63820286
-0.443793957,51.74909553
-0.109395796,51.56783622
-0.04502746,51.31100397
-0.189578315,51.5659404
-0.1595946,51.49529835
-0.110222476,51.53085663
-0.175797952,51.76214484
-0.304666538,51.62720556
-0.202609459,51.64033635
-0.108351946,51.53118901
-0.099601581,51.66143196
-0.22591878,51.56412166
-0.206392928,51.66400342
-0.280162027,51.81054128
-0.062757624,51.83361763
-0.208882533,51.47312288
-0.287467786,51.67677301
-0.239903077,51.68325467
-0.112101717,51.53673588
-0.181590028,51.65919257
-0.180826638,51.64813045
-0.197940629,51.71866502
-0.143272386,51.6844451
-0.198787599,51.49780723
-0.06750481,51.47137949
-0.109406356,51.5735131
-0.113398402,51.58157149
-0.001278081,51.53753374
-0.216276877,51.55987889
-0.221814528,51.57259613
-0.190101513,51.45150226
-0.274980011,51.56278298
-0.313248994,51.69314886
-0.168578779,51.52936421
-0.266271365,51.77122393
-0.157382658,51.63234099
-0.096357274,51.62193848
-0.077728698,51.5024567
-0.093671088,51.77656943
-0.278057635,51.54053514
-0.079839356,51.63588994
-0.284762546,51.47245446
-0.178033437,51.56714348
-0.053365782,51.46053323
0.057504196,51.48001921
-0.232420074,51.46782946
-0.242568796,51.59385257
-0.14768005,51.60277264
-0.056595835,51.34043102
-0.157518148,51.72665328
0.01534056,51.58313688
-0.400229386,51.52602601
-0.004199394,51.61299656
-0.213365085,51.52791945
-0.131747537,51.75525681
-0.112081913,51.59769582
-0.184893602,51.43453809
-0.155185687,51.47526209
-0.231438852,51.69408818
-0.217207756,51.61643742
-0.226903389,51.28401025
-0.269860711,51.5317143
-0.284423468,51.31523314
-0.235792989,51.45710897
-0.120961379,51.58937321
0.073098349,51.58147528
-0.272810017,51.50530977
-0.068987094,51.51817002
-0.110184889,51.62691161
-0.092738006,51.67182676
-0.295407592,51.66195186
-0.250146456,51.68742692
-0.256994577,51.42569269
-0.113338476,51.58540217
-0.383648383,51.66576618
-0.171081218,51.63220529
-0.073747231,51.484473
-0.194903983,51.75425023
-0.056242756,51.63330523
-0.160358989,51.6691425
-0.072230384,51.48960442
-0.177559527,51.59205124
-0.177316733,51.51679353
-0.215165844,51.60281305
-0.379645839,51.60691583
-0.105767468,51.6933
-0.183215751,51.77452392
-0.469180399,51.82472108
-0.113280439,51.69614824
-0.325415368,51.5449401
-0.207938106,51.53076439
-0.064861345,51.662955
-0.129060251,51.60203261
-0.117708324,51.46434339
0.145018939,51.58971383
-0.096588535,51.55803844
-0.330304575,51.74838141
-0.319356202,51.76945662
0.026627517,51.68293334
-0.055553876,51.56359424
-0.091608317,51.58986849
-0.04620075,51.47702459
0.024990696,51.72093406
-0.172897457,51.34331118
-0.188679549,51.44997588
-0.053244009,51.49592433
-0.115803349,51.57839449
-0.032540863,51.59018822
-0.265686529,51.6054459
-0.256908178,51.53244846
0.015208921,51.7016242
-0.22771373,51.52594935
-0.096523785,51.52754565
0.037629269,51.55846639
0.006530997,51.43626262
-0.159532979,51.60657081
-0.21960537,51.54524881
-0.209885332,51.70053708
-0.24247477,51.49171969
-0.169670427,51.62531878
-0.062081687,51.5523941
0.036899978,51.64113522
-0.13829183,51.7046364
-0.215816738,51.5047203
-0.143405469,51.65249904
-0.137089574,51.71533514
-0.051740056,51.6556408
-0.153560257,51.48862877
-0.283268986,51.75520572
-0.175104616,51.58184355
-0.020813894,51.34078822
-0.240965546,51.58272967
-0.254854643,51.36811195
-0.392973831,51.67705932
-0.218630991,51.76783474
-0.162777308,51.548905
-0.280708289,51.46476901
-0.166509036,51.33665941
-0.137806189,51.71504382
-0.216148173,51.75592584
-0.15451559,51.61374772
-0.291219814,51.80655861
-0.337245413,51.48866781
-0.148122354,51.62288456
-0.022844634,51.61725741
-0.330156052,51.66961898
-0.281303996,51.64133952
-0.305046777,51.42452791
-0.234772682,51.78079291
-0.197672337,51.67084697
0.035537107,51.5253548
-0.32047093,51.56793458
-0.197304104,51.4464323
-0.215652846,51.71674573
-0.122594515,51.56618501
-0.460099562,51.45212715
-0.311884096,51.60390196
-0.279033282,51.56591274
-0.23323687,51.32983679
-0.100081548,51.52850198
-0.281993268,51.58181333
-0.104962113,51.43509584
-0.297528482,51.73049831
-0.206596703,51.86517186
-0.09012988,51.624899
-0.077230724,51.38692743
-0.099151434,51.65538314
-0.100262002,51.67427965
-0.174851203,51.47715882
-0.226723495,51.47273284
0.044944402,51.64130863
-0.195350523,51.36926384
-0.10805078,51.60311753
-0.307747284,51.53093175
-0.143795295,51.44078496
0.000317509,51.78384445
-0.261615485,51.83875916
-0.048626804,51.65533511
-0.196623209,51.53548126
-0.289639282,51.50684406
-0.061567342,51.54868678
-0.389328106,51.55588686
-0.346867159,51.69273391
-0.261224174,51.69422216
0.001454206,51.53115862
-0.054273022,51.63996442
-0.202156772,51.75882533
-0.086701449,51.34720793
-0.200472602,51.61305892
-0.346278162,51.46066938
-0.075990301,51.29147216
-0.102756083,51.51102243
0.024407239,51.59193061
-0.046257994,51.71879893
-0.206823066,51.76174277
-0.135909253,51.76293786
-0.234254799,51.43135216
-0.110186922,51.62147875
-0.127221249,51.7969631
-0.325365112,51.68148412
-0.238539794,51.72876918
-0.180049759,51.50108978
-0.084992627,51.5813205
-0.026629302,51.51476418
-0.282174015,51.36509531
-0.223658678,51.55650445
-0.417805666,51.70038477
0.07006982,51.3593925
-0.030215626,51.60737185
-0.139491102,51.60952907
0.000977799,51.64759447
-0.246628152,51.65184291
-0.146817167,51.62947346
-0.062146519,51.49975349
-0.119051923,51.59997393
-0.031773602,51.62152532
-0.270104357,51.56014037
0.042509577,51.27061399
-0.27074535,51.35755061
-0.24117227,51.59117707
0.097242405,51.49191151
-0.31612125,51.72094277
-0.20104265,51.60239722
-0.357705239,51.61210097
-0.13070208,51.41122759
-0.369999049,51.66265279
-0.12733856,51.40492344
-0.23786878,51.54226453
-0.011755067,51.56997375
-0.083621317,51.45502305
-0.244170234,51.46748585
-0.168615155,51.4397969
-0.023916956,51.53144945
-0.107010915,51.5822265
0.01957139,51.61995249
-0.208870786,51.46417563
-0.143186377,51.30215597
-0.233222013,51.6200357
-0.160384537,51.56093486
-0.229930757,51.60411906
-0.129709336,51.66474439
-0.115153606,51.6727814
-0.09793103,51.6755411
-0.323918995,51.46178199
-0.209137397,51.48691032
-0.218733869,51.46861024
-0.17871653,51.52959153
-0.223450593,51.50293064
-0.202196482,51.60167427
-0.069561869,51.50788811
-0.184410686,51.64587285
-0.124981867,51.3707837
-0.338575279,51.57837507
-0.0878383,51.58698363
-0.15746012,51.61438112
-0.148875653,51.6947337
-0.035903873,51.50514303
-0.153233782,51.50990453
-0.256796433,51.72322573
-0.036815187,51.57263469
-0.04238955,51.755668
-0.187083367,51.52277978
-0.332938183,51.44970241
0.082546302,51.55005967
-0.297431446,51.5029697
-0.224974735,51.60441856
-0.12621967,51.65404128
-0.113580832,51.68606683
-0.022244761,51.68482165
-0.16808507,51.49780502
-0.029039606,51.37146089
-0.309617999,51.58393513
-0.15657378,51.61079692
-0.044518334,51.48012149
-0.223138862,51.57671457
-0.250405654,51.44181554
-0.131087247,51.50571727
-0.095080416,51.60620644
-0.018430283,51.5350527
-0.299996262,51.47224879
-0.122357679,51.54393941
-0.107279815,51.45368088
-0.226605455,51.51952879
0.001896606,51.64576708
-0.300661524,51.57410115
-0.160130803,51.5314055
-0.137465292,51.56224469
-0.350502833,51.66446514
-0.253125934,51.52858591
0.015396467,51.55014342
-0.109100194,51.45233351
-0.345130216,51.66004463
-0.202362533,51.60709014
-0.263280152,51.46970314
-0.180065909,51.69698791
-0.145939026,51.59795877
-0.269832553,51.5050455
-0.18879912,51.55698373
-0.146566631,51.785215
-0.233021363,51.55904057
-0.043336882,51.6567088
-0.121587689,51.31806497
-0.116890396,51.82337364
-0.215460557,51.55167526
-0.22655634,51.69415537
-0.167308818,51.50259998
-0.184364259,51.43795703
-0.15739671,51.72477029
-0.214511748,51.61225363
-0.126214775,51.83039621
-0.232987851,51.48094353
-0.198707287,51.55473823
-0.190726773,51.55290211
-0.092615468,51.63016768
-0.235468489,51.62813105
-0.250293919,51.4591614
-0.202511248,51.63579759
-0.315699658,51.71260006
-0.20167234,51.56791892
-0.139118526,51.49573827
-0.05381447,51.74004024
-0.051688931,51.69952174
-0.157849474,51.67479418
-0.028823092,51.57874889
-0.177575318,51.4869166
-0.066752659,51.69581785
-0.316107164,51.51618969
-0.429155367,51.70311457
-0.223208167,51.81826332
0.069583653,51.45850808
-0.194846475,51.57523972
-0.145351934,51.43149584
-0.088500861,51.52332558
-0.247140207,51.70125266
-0.273883684,51.49079389
-0.087022689,51.49293152
-0.33402517,51.46276057
-0.186531602,51.56750379
0.138497066,51.70211663
-0.175915507,51.54924263
-0.087593002,51.55915315
-0.371282309,51.5278414
-0.228821024,51.4829298
-0.089731133,51.73304338
-0.186165477,51.65099572
-0.154068539,51.53670943
-0.284586226,51.66174962
-0.292336807,51.63895191
-0.102979478,51.45009083
-0.055041638,51.50912231
-0.365302382,51.55104535
0.043581201,51.34130687
-0.320829184,51.67243038
-0.36587605,51.62128761
-0.344376541,51.59186509
-0.304330482,51.64036932
-0.191272511,51.62881783
-0.033838978,51.64326641
-0.343894845,51.70421261
-0.054223074,51.64296088
-0.253053633,51.76863566
-0.100080094,51.67525326
-0.216306629,51.61293504
0.012414855,51.62224299
-0.196935629,51.7182462
-0.139188398,51.47009527
-0.092648161,51.43436206
-0.241064104,51.5005205
-0.097256201,51.63268075
-0.139362485,51.92288234
-0.210796125,51.39778488
-0.203409976,51.65130038
-0.137037304,51.51858549
-0.225535034,51.64229484
-0.159943804,51.41157305
-0.199925187,51.43811271
-0.204381311,51.51848707
-0.249358557,51.6025422
-0.121574704,51.37270803
-0.163356641,51.51678313
-0.195348158,51.6922161
-0.318126216,51.68136473
-0.050317713,51.65856766
-0.230703426,51.57540012
-0.255357013,51.62822202
0.208799109,51.6716258
0.064952799,51.53132381
-0.150818041,51.53105622
-0.056341237,51.64541578
-0.130606044,51.64655821
-0.036173619,51.47623139
-0.115947538,51.45908887
-0.075627137,51.66696432
-0.205512263,51.63502321
-0.121810135,51.41937073
-0.243764188,51.49604256
-0.351334392,51.51948258
-0.197134919,51.74076255
-0.162948281,51.5685727
-0.282217183,51.58046559
-0.011751333,51.59904975
-0.289721719,51.51921445
-0.306056924,51.45853337
-0.146537798,51.48363387
-0.205788857,51.52654245
-0.405927826,51.48876058
0.037648809,51.71277762
-0.038819609,51.90080279
-0.274619852,51.49999865
-0.004473919,51.54897338
-0.325732683,51.5760344
-0.238302847,51.64968998
-0.182978466,51.5950318
-0.28451166,51.53651727
-0.095503512,51.52396452
-0.198828064,51.48009789
-0.157387047,51.47690455
-0.182112747,51.71524066
-0.113055959,51.4819942
-0.19101932,51.49329872
-0.203328228,51.56215941
-0.126454834,51.36364941
-0.001160816,51.7832929
-0.115085037,51.6695365
-0.264124452,51.72414071
-0.074265165,51.42076346
0.126012654,51.49355627
-0.351665985,51.68844872
-0.146175449,51.52673271
-0.284556091,51.72402388
-0.075754314,51.65280756
-0.252831339,51.47885794
-0.239822946,51.6824169
-0.100289065,51.43747036
-0.319765213,51.51576782
-0.097427429,51.5893061
-0.302509669,51.64824197
-0.256094132,51.42815971
-0.234669946,51.57682233
-0.234854635,51.77081646
-0.133428536,51.77493757
-0.143200505,51.53742173
-0.165338444,51.62828042
-0.225600587,51.37607134
-0.147712181,51.58679777
0.038228022,51.56665836
-0.109316457,51.90607058
-0.226544684,51.45801039
-0.272376265,51.80138651
-0.260282408,51.51525931
-0.329913181,51.56004287
-0.165376476,51.66000971
-0.164721231,51.67461349
-0.234644238,51.53417916
-0.175460581,51.50447483
-0.213464946,51.49719384
-0.318053951,51.67567244
0.003631579,51.50931947
0.069518104,51.68063318
-0.163070624,51.54487008
-0.073365982,51.4595564
-0.357560367,51.53571542
-0.127856232,51.61788076
-0.165045905,51.71919366
-0.019969997,51.6132419
-0.075812641,51.51397377
-0.131472564,51.4880872
-0.147919125,51.67186072
-0.260994595,51.57541584
-0.154178094,51.43529728
-0.056817697,51.54740663
-0.298955799,51.77601702
-0.282047154,51.63359878
-0.298447844,51.65741652
-0.173217299,51.47891735
-0.167190095,51.59072535
-0.275971345,51.41972463
-0.146695391,51.54535186
-0.047730237,51.85279255
0.082074869,51.5376579
-0.190525783,51.36455036
-0.231527353,51.51840222
-0.119230554,51.37039753
-0.301665431,51.71437593
-0.175481138,51.55356677
-0.03395774,51.48075253
-0.26249423,51.64318672
-0.293325644,51.53534543
-0.105911385,51.43056133
-0.063090722,51.67735057
-0.037143457,51.70115711
-0.085327192,51.61623219
-0.252922598,51.56830874
-0.09056681,51.63568782
-0.039104749,51.517703
-0.151796846,51.69591957
-0.185108462,51.63394793
-0.155733496,51.58801603
-0.230901517,51.56304158
-0.058132175,51.71304011
-0.292069263,51.63241275
-0.280018851,51.56054705
0.055031135,51.54923154
-0.254844447,51.53125433
-0.145281054,51.62276626
-0.175041348,51.57963793
-0.219125949,51.76767043
0.138704151,51.46383129
-0.145535728,51.70795754
-0.220106723,51.66545092
-0.164279744,51.48785448
-0.315805344,51.64799847
-0.045865551,51.29808287
-0.318200304,51.54075718
-0.200084778,51.62299838
-0.008681636,51.60402581
-0.368138765,51.56381842
-0.029503983,51.54543771
-0.188776968,51.25306324
-0.118875488,51.65754088
-0.124030746,51.55682265
-0.110916916,51.67830744
-0.110902362,51.54434204
-0.18351953,51.75177451
-0.21006803,51.51533086
-0.099878023,51.54709034
-0.068106655,51.58451547
-0.355871529,51.65725736
-0.343413733,51.56013246
-0.211805676,51.70273389
-0.116919179,51.56706786
-0.504691969,51.46501422
-0.334986231,51.68297748
0.007796691,51.58356239
-0.153557565,51.48190524
-0.208293155,51.66906429
-0.264673935,51.69810035
-0.253941697,51.58179925
-0.107577933,51.55270393
-0.160675978,51.6212589
-0.096930812,51.6617134
0.064898339,51.79352435
-0.220359314,51.54705443
-0.074040632,51.56416713
-0.158396475,51.77226924
-0.204732457,51.77418281
-0.151286387,51.65854621
-0.03594408,51.47580009
-0.00010656,51.68465243
-0.120317084,51.75626221
-0.100201272,51.61166049
-0.170292865,51.59853336
0.044051725,51.72482038
-0.14493279,51.31456357
-0.054094381,51.75570916
-0.199196839,51.58915395
-0.161002086,51.48140167
0.052790534,51.66881146
-0.218584411,51.70849239
-0.19109262,51.41177143
-0.195928413,51.46377078
0.080283582,51.34987279
-0.402393649,51.48278865
-0.217368736,51.63038816
-0.135683498,51.67599108
-0.148581782,51.51348097
-0.113174879,51.56487395
-0.079161275,51.69720497
-0.183506537,51.51054051
-0.040199071,51.52479329
-0.254690381,51.64450975
-0.176580954,51.59339161
-0.107067104,51.51419836
-0.345138731,51.65168582
-0.270907407,51.90971477
-0.095364366,51.70828742
-0.170859565,51.59830258
-0.124130728,51.48939409
-0.164926694,51.64698805
-0.211311618,51.47822088
-0.19454644,51.51381078
-0.177606776,51.56810465
-0.121777764,51.47463802
-0.184421137,51.64094341
-0.24408495,51.61481486
-0.178967807,51.6887612
-0.159373522,51.65441762
-0.065249147,51.59491309
-0.113945854,51.60694531
-0.099146985,51.57772877
-0.158325257,51.58905073
-0.285875309,51.65011499
-0.348872832,51.72551125
-0.088665124,51.57270948
-0.092093284,51.7275326
-0.405197822,51.63225416
-0.100253824,51.39927418
-0.188218322,51.56488276
-0.145320851,51.46870075
-0.316472961,51.65302419
-0.194671813,51.62396818
-0.186044482,51.62071228
-0.120965341,51.40763653
-0.043553887,51.39613671
-0.218246476,51.53389364
-0.183823907,51.53672466
-0.242936488,51.40926785
-0.199261426,51.4488448
-0.183874859,51.5133585
-0.044053546,51.52622835
-0.194491083,51.53657171
-0.169228931,51.54050248
-0.168614446,51.6642744
-0.229796355,51.60398907
-0.104336261,51.54842599
0.023329704,51.42928866
-0.217096726,51.57194266
-0.081330149,51.53430372
-0.186638688,51.53268936
-0.267525217,51.55106546
-0.040059083,51.63712826
-0.104381412,51.46850719
-0.335986378,51.63047608
0.048273833,51.68237558
0.02738606,51.54444907
-0.263195989,51.43116688
-0.173373731,51.65101205
-0.157989179,51.366631
0.010818453,51.41590439
-0.043483384,51.69381366
-0.170837972,51.53434876
-0.069345303,51.5872367
-0.360578904,51.46829866
-0.190488986,51.61455181
8.28715E-05,51.48921776
-0.182576263,51.5039733
-0.115021285,51.66185067
-0.231692839,51.59136522
-0.365847265,51.92456576
-0.209703714,51.51844645
-0.162787952,51.68726807
-0.204093309,51.68454965
-0.215888166,51.76409876
-0.089690756,51.72427173
-0.195133885,51.44231354
-0.206627773,51.73082928
-0.263366412,51.51711661
-0.029067998,51.79622752
-0.226707802,51.57370629
-0.14993584,51.64705599
-0.20517418,51.60163143
-0.169814743,51.66402589
-0.132710677,51.70087055
-0.246338412,51.43784558
-0.227066127,51.71295451
-0.07556667,51.59938418
-0.06881719,51.5360379
-0.266229315,51.5267759
0.031276836,51.44454755
-0.286621475,51.54202146
-0.040190425,51.68343949
-0.015480722,51.56142763
-0.000733731,51.51859237
-0.157798947,51.41866355
-0.065449266,51.61988454
-0.209512414,51.6067817
-0.315828556,51.51878456
-0.166502467,51.5526146
-0.080146214,51.5838358
-0.222282132,51.62331257
-0.288347592,51.42585769
-0.318423381,51.58867643
0.07648149,51.53034071
-0.148886872,51.61325817
-0.178532535,51.57362665
-0.364201125,51.5107062
-0.185408237,51.86836416
-0.220891598,51.43787127
-0.00655451,51.70813037
-0.235039958,51.78991648
-0.054426277,51.46622003
-0.034921743,51.48774179
-0.069616824,51.49375695
-0.082992597,51.57624048
-0.156783332,51.41712698
-0.325920854,51.6442154
-0.112381426,51.45207212
-0.178152947,51.67385086
-0.119909712,51.68417764
-0.047116612,51.43379008
-0.069268989,51.55295915
-0.127202101,51.34501449
-0.194966636,51.56104334
-0.161220304,51.4663936
0.101463727,51.64673425
-0.134479409,51.61384636
-0.151150192,51.67614089
-0.113489901,51.68219851
-0.167668029,51.81825093
-0.028595709,51.47959709
-0.197596479,51.54992721
-0.269649718,51.71759789
-0.178404123,51.51684989
-0.037383701,51.54878732
-0.147206508,51.60808319
-0.180026946,51.55492714
-0.101485155,51.67901515
-0.073409846,51.4937892
-0.202294472,51.53586854
-0.417147,51.60110392
-0.359620217,51.64559239
-0.310442138,51.74257093
-0.143201331,51.43330778
-0.168208918,51.52239963
-0.031932676,51.7099054
-0.205083477,51.53007424
-0.335279918,51.69057429
-0.081010912,51.58011101
-0.353694118,51.81724662
-0.113871887,51.66835918
-0.130919282,51.49814264
-0.102485619,51.59470101
-0.308986588,51.75428407
-0.134129931,51.6635408
-0.102513998,51.73610685
-0.243016522,51.6155445
-0.172479941,51.5947436
-0.042791238,51.60870743
-0.297798039,51.5624798
-0.020423532,51.60061319
-0.127567822,51.79809272
0.027491048,51.72971298
-0.317118461,51.8280484
-0.170332043,51.5677098
-0.169355232,51.54945933
-0.074392209,51.52214409
-0.280586581,51.48456761
-0.1067207,51.54462362
0.012026527,51.63317503
0.027579486,51.67971063
-0.139321323,51.5168317
-0.246677652,51.64972236
-0.119391836,51.62801118
0.052689118,51.67983071
-0.169491316,51.70179216
-0.124811937,51.77743585
-0.309993519,51.64139167
-0.129869964,51.47939516
-0.124996578,51.52712984
-0.317666214,51.36102166
0.015968541,51.58652395
-0.008870973,51.63841334
-0.247599264,51.66235232
-0.333889439,51.53131025
0.028083628,51.63896874
-0.224072766,51.42927484
-0.265252034,51.45449274
-0.153073911,51.37916102
-0.091899176,51.54150371
-0.209997804,51.43286873
-0.304908157,51.67397367
-0.179703542,51.73413169
-0.197048174,51.56291696
-0.212751142,51.58333466
-0.141829342,51.38281938
-0.141798392,51.48345345
-0.176711007,51.59373933
-0.195457972,51.54278084
-0.038837976,51.35389051
-0.197568665,51.74905352
-0.23168227,51.67452093
-0.200290228,51.6076783
-0.193884728,51.48309908
-0.311415367,51.59486456
-0.160667496,51.43826056
-0.143721798,51.69029025
-0.006431044,51.58228932
-0.344474978,51.68209509
0.049441933,51.4816258
-0.18716249,51.65370427
-0.028288916,51.52272621
-0.005709715,51.80771714
-0.385551204,51.52286758
-0.033337245,51.48950506
-0.132381569,51.52763251
-0.320535182,51.65594413
-0.144909505,51.47130404
-0.125091675,51.48059841
-0.288199447,51.51053753
-0.186970994,51.56786362
-0.003672042,51.55851464
0.096100917,51.67957723
-0.152228344,51.69762794
-0.021555445,51.58132278
-0.232644706,51.73831402
-0.001544823,51.38239915
-0.21544189,51.6474393
-0.004169146,51.72610024
0.011050734,51.5973496
-0.252035261,51.61942979
-0.143359095,51.73102694
-0.063089647,51.5493371
-0.171383851,51.56101764
-0.14592928,51.41479047
-0.19170673,51.61195782
-0.255233673,51.52472486
0.025345127,51.62788721
0.06998757,51.51356667
-0.165975452,51.59338333
-0.169481547,51.48807174
-0.282520899,51.51281104
-0.231917534,51.36633931
-0.201551448,51.58854635
-0.144249586,51.44089675
-0.110906758,51.46633928
-0.300675929,51.85692263
-0.094170827,51.53205966
-0.186923694,51.52880402
-0.164252644,51.42706703
-0.222647781,51.47101505
-0.094023417,51.61050051
-0.186441017,51.66015207
-0.148282895,51.63565603
-0.08601539,51.77075953
0.08180793,51.64260858
-0.044117717,51.59812023
-0.276159351,51.56193778
-0.207597448,51.61524546
-0.184565505,51.52058543
-0.02389765,51.74193367
-0.223221962,51.54635841
0.051349,51.46664503
-0.13513344,51.41636891
-0.241145832,51.66113353
-0.318876052,51.59160343
-0.175534366,51.47550309
-0.025071297,51.68359434
-0.243641687,51.56858906
-0.077087265,51.59705863
-0.13650129,51.65250632
-0.145696451,51.48253419
-0.251290925,51.55175162
-0.173920243,51.53783574
-0.334899794,51.49650755
-0.183159393,51.87140576
-0.169920519,51.56382209
-0.218555829,51.44919679
-0.201872108,51.62642302
-0.280285218,51.5882724
-0.025039321,51.59385774
-0.08378502,51.51149899
-0.284811113,51.43426579